source_code,source_concept_id,source_vocabulary_id,source_code_description,target_concept_id,target_vocabulary_id,valid_start_date,valid_end_date,invalid_reason
99,0,SINAC20_EDADGEST,No Especificado,0,None,2020-01-01,2023-12-31,
0,0,SINAC20_PRODEMB,NO ESPECIFICADO,0,None,2020-01-01,2023-12-31,
99,0,SINAC20_TOTCONS,No Especificado,0,None,2020-01-01,2023-12-31,
0,0,SINAC20_TRIMCONS,NO RECIBIÓ,45880561,LOINC,2020-01-01,2023-12-31,
1,0,SINAC20_TRIMCONS,PRIMER TRIMESTRE,45880554,LOINC,2020-01-01,2023-12-31,
2,0,SINAC20_TRIMCONS,SEGUNDO TRIMESTRE,45879078,LOINC,2020-01-01,2023-12-31,
3,0,SINAC20_TRIMCONS,TERCER TRIMESTRE,45885074,LOINC,2020-01-01,2023-12-31,
8,0,SINAC20_TRIMCONS,NO ESPECIFICADO,0,None,2020-01-01,2023-12-31,
9,0,SINAC20_TRIMCONS,SE IGNORA,0,None,2020-01-01,2023-12-31,
0,0,SINAC20_RESEXT,NO ESPECIFICADO,0,None,2020-01-01,2023-12-31,
1,0,SINAC20_RESEXT,SI,0,None,2020-01-01,2023-12-31,
2,0,SINAC20_RESEXT,NO,4075636,SNOMED,2020-01-01,2023-12-31,
8,0,SINAC20_RESEXT,NO APLICA,0,None,2020-01-01,2023-12-31,
9,0,SINAC20_RESEXT,SE IGNORA,0,None,2020-01-01,2023-12-31,
88,0,SINAC20_RESEXT,Not in catalogue SI_NO; treated as residence unknown (D-057),0,None,2020-01-01,2023-12-31,
00,0,SINAC20_ENTRES,NO ESPECIFICADO,0,None,2020-01-01,2023-12-31,
88,0,SINAC20_ENTRES,NO APLICA,0,None,2020-01-01,2023-12-31,
99,0,SINAC20_ENTRES,SE IGNORA,0,None,2020-01-01,2023-12-31,
0,0,SINAC20_ESCOL,NO ESPECIFICADO,0,None,2020-01-01,2023-12-31,
1,0,SINAC20_ESCOL,NINGUNA,4074913,SNOMED,2020-01-01,2023-12-31,
31,0,SINAC20_ESCOL,PRIMARIA COMPLETA,44800023,SNOMED,2020-01-01,2023-12-31,
32,0,SINAC20_ESCOL,PRIMARIA INCOMPLETA,44800023,SNOMED,2020-01-01,2023-12-31,
51,0,SINAC20_ESCOL,SECUNDARIA COMPLETA,43020414,SNOMED,2020-01-01,2023-12-31,
52,0,SINAC20_ESCOL,SECUNDARIA INCOMPLETA,43020414,SNOMED,2020-01-01,2023-12-31,
71,0,SINAC20_ESCOL,BACHILLERATO O PREPARATORIA COMPLETA,43020395,SNOMED,2020-01-01,2023-12-31,
72,0,SINAC20_ESCOL,BACHILLERATO O PREPARATORIA INCOMPLETA,43020395,SNOMED,2020-01-01,2023-12-31,
81,0,SINAC20_ESCOL,LICENCIATURA O PROFESIONAL COMPLETO,4076230,SNOMED,2020-01-01,2023-12-31,
82,0,SINAC20_ESCOL,LICENCIATURA O PROFESIONAL INCOMPLETO,4076230,SNOMED,2020-01-01,2023-12-31,
88,0,SINAC20_ESCOL,NO APLICA,0,None,2020-01-01,2023-12-31,
99,0,SINAC20_ESCOL,SE IGNORA,0,None,2020-01-01,2023-12-31,
101,0,SINAC20_ESCOL,POSGRADO COMPLETO,4076230,SNOMED,2020-01-01,2023-12-31,
102,0,SINAC20_ESCOL,POSGRADO INCOMPLETO,4076230,SNOMED,2020-01-01,2023-12-31,
111,0,SINAC20_ESCOL,TÉCNICO TERMINAL CON SECUNDARIA COMPLETA,43020414,SNOMED,2020-01-01,2023-12-31,
112,0,SINAC20_ESCOL,TÉCNICO TERMINAL CON SECUNDARIA INCOMPLETA,43020414,SNOMED,2020-01-01,2023-12-31,
131,0,SINAC20_ESCOL,TÉCNICO TERMINAL CON PREPARATORIA COMPLETA,43020395,SNOMED,2020-01-01,2023-12-31,
132,0,SINAC20_ESCOL,TÉCNICO TERMINAL CON PREPARATORIA INCOMPLETA,43020395,SNOMED,2020-01-01,2023-12-31,
888,0,SINAC20_EDAD,No Especificado,0,None,2020-01-01,2023-12-31,
999,0,SINAC20_EDAD,Se Ignora,0,None,2020-01-01,2023-12-31,
09/09/9999,0,SINAC20_FECHANACMAD,fecha no especificada,0,None,2020-01-01,2023-12-31,
